n_placar_visitante,n_placar_casa,c_time_casa,c_time_visitante,dt_data_horario,d_ano_campeonato,c_nome_campeonato,n_rodada
3,0,Fulham,Arsenal,2020-09-12 12:30:00,2021,Premier League 2020-2021,1
0,1,Crystal Palace,Southampton,2020-09-12 15:00:00,2021,Premier League 2020-2021,1
3,4,Liverpool,Leeds,2020-09-12 17:30:00,2021,Premier League 2020-2021,1
2,0,West Ham,Newcastle,2020-09-12 20:00:00,2021,Premier League 2020-2021,1
3,0,West Brom,Leicester,2020-09-13 14:00:00,2021,Premier League 2020-2021,1
1,0,Tottenham,Everton,2020-09-13 16:30:00,2021,Premier League 2020-2021,1
2,0,Sheffield United,Wolves,2020-09-14 18:00:00,2021,Premier League 2020-2021,1
3,1,Brighton,Chelsea,2020-09-14 20:15:00,2021,Premier League 2020-2021,1
2,5,Everton,West Brom,2020-09-19 12:30:00,2021,Premier League 2020-2021,1
3,4,Leeds,Fulham,2020-09-19 15:00:00,2021,Premier League 2020-2021,1
3,1,Man United,Crystal Palace,2020-09-19 17:30:00,2021,Premier League 2020-2021,2
1,2,Arsenal,West Ham,2020-09-19 20:00:00,2021,Premier League 2020-2021,2
5,2,Southampton,Tottenham,2020-09-20 12:00:00,2021,Premier League 2020-2021,2
3,0,Newcastle,Brighton,2020-09-20 14:00:00,2021,Premier League 2020-2021,2
2,0,Chelsea,Liverpool,2020-09-20 16:30:00,2021,Premier League 2020-2021,2
2,4,Leicester,Burnley,2020-09-20 19:00:00,2021,Premier League 2020-2021,2
0,1,Aston Villa,Sheffield United,2020-09-21 18:00:00,2021,Premier League 2020-2021,2
3,1,Wolves,Man City,2020-09-21 20:15:00,2021,Premier League 2020-2021,2
3,2,Brighton,Man United,2020-09-26 12:30:00,2021,Premier League 2020-2021,2
2,1,Crystal Palace,Everton,2020-09-26 15:00:00,2021,Premier League 2020-2021,2
3,3,West Brom,Chelsea,2020-09-26 17:30:00,2021,Premier League 2020-2021,3
1,0,Burnley,Southampton,2020-09-26 20:00:00,2021,Premier League 2020-2021,3
1,0,Sheffield United,Leeds,2020-09-27 12:00:00,2021,Premier League 2020-2021,3
1,1,Tottenham,Newcastle,2020-09-27 14:00:00,2021,Premier League 2020-2021,3
5,2,Man City,Leicester,2020-09-27 16:30:00,2021,Premier League 2020-2021,3
0,4,West Ham,Wolves,2020-09-27 19:00:00,2021,Premier League 2020-2021,3
3,0,Fulham,Aston Villa,2020-09-28 17:45:00,2021,Premier League 2020-2021,3
1,3,Liverpool,Arsenal,2020-09-28 20:00:00,2021,Premier League 2020-2021,3
0,4,Chelsea,Crystal Palace,2020-10-03 12:30:00,2021,Premier League 2020-2021,3
2,4,Everton,Brighton,2020-10-03 15:00:00,2021,Premier League 2020-2021,3
1,1,Leeds,Man City,2020-10-03 17:30:00,2021,Premier League 2020-2021,4
1,3,Newcastle,Burnley,2020-10-03 20:00:00,2021,Premier League 2020-2021,4
0,2,Southampton,West Brom,2020-10-04 12:00:00,2021,Premier League 2020-2021,4
3,0,Leicester,West Ham,2020-10-04 12:00:00,2021,Premier League 2020-2021,4
1,2,Arsenal,Sheffield United,2020-10-04 14:00:00,2021,Premier League 2020-2021,4
0,1,Wolves,Fulham,2020-10-04 14:00:00,2021,Premier League 2020-2021,4
6,1,Man United,Tottenham,2020-10-04 16:30:00,2021,Premier League 2020-2021,4
2,7,Aston Villa,Liverpool,2020-10-04 19:15:00,2021,Premier League 2020-2021,4
2,2,Everton,Liverpool,2020-10-17 12:30:00,2021,Premier League 2020-2021,4
3,3,Chelsea,Southampton,2020-10-17 15:00:00,2021,Premier League 2020-2021,4
0,1,Man City,Arsenal,2020-10-17 17:30:00,2021,Premier League 2020-2021,5
4,1,Newcastle,Man United,2020-10-17 20:00:00,2021,Premier League 2020-2021,5
1,1,Sheffield United,Fulham,2020-10-18 12:00:00,2021,Premier League 2020-2021,5
1,1,Crystal Palace,Brighton,2020-10-18 14:00:00,2021,Premier League 2020-2021,5
3,3,Tottenham,West Ham,2020-10-18 16:30:00,2021,Premier League 2020-2021,5
1,0,Leicester,Aston Villa,2020-10-18 19:15:00,2021,Premier League 2020-2021,5
0,0,West Brom,Burnley,2020-10-19 17:30:00,2021,Premier League 2020-2021,5
1,0,Leeds,Wolves,2020-10-19 20:00:00,2021,Premier League 2020-2021,5
3,0,Aston Villa,Leeds,2020-10-23 20:00:00,2021,Premier League 2020-2021,5
1,1,West Ham,Man City,2020-10-24 12:30:00,2021,Premier League 2020-2021,5
2,1,Fulham,Crystal Palace,2020-10-24 15:00:00,2021,Premier League 2020-2021,6
0,0,Man United,Chelsea,2020-10-24 17:30:00,2021,Premier League 2020-2021,6
1,2,Liverpool,Sheffield United,2020-10-24 20:00:00,2021,Premier League 2020-2021,6
0,2,Southampton,Everton,2020-10-25 14:00:00,2021,Premier League 2020-2021,6
1,1,Wolves,Newcastle,2020-10-25 16:30:00,2021,Premier League 2020-2021,6
1,0,Arsenal,Leicester,2020-10-25 19:15:00,2021,Premier League 2020-2021,6
1,1,Brighton,West Brom,2020-10-26 17:30:00,2021,Premier League 2020-2021,6
1,0,Burnley,Tottenham,2020-10-26 20:00:00,2021,Premier League 2020-2021,6
0,2,Wolves,Crystal Palace,2020-10-30 20:00:00,2021,Premier League 2020-2021,6
1,0,Sheffield United,Man City,2020-10-31 12:30:00,2021,Premier League 2020-2021,6
3,0,Burnley,Chelsea,2020-10-31 15:00:00,2021,Premier League 2020-2021,7
1,2,Liverpool,West Ham,2020-10-31 17:30:00,2021,Premier League 2020-2021,7
4,3,Aston Villa,Southampton,2020-11-01 12:00:00,2021,Premier League 2020-2021,7
1,2,Newcastle,Everton,2020-11-01 14:00:00,2021,Premier League 2020-2021,7
1,0,Man United,Arsenal,2020-11-01 16:30:00,2021,Premier League 2020-2021,7
1,2,Tottenham,Brighton,2020-11-01 19:15:00,2021,Premier League 2020-2021,7
0,2,Fulham,West Brom,2020-11-02 17:30:00,2021,Premier League 2020-2021,7
4,1,Leeds,Leicester,2020-11-02 20:00:00,2021,Premier League 2020-2021,7
0,0,Brighton,Burnley,2020-11-06 17:30:00,2021,Premier League 2020-2021,7
0,2,Southampton,Newcastle,2020-11-06 20:00:00,2021,Premier League 2020-2021,7
3,1,Everton,Man United,2020-11-07 12:30:00,2021,Premier League 2020-2021,8
1,4,Crystal Palace,Leeds,2020-11-07 15:00:00,2021,Premier League 2020-2021,8
1,4,Chelsea,Sheffield United,2020-11-07 17:30:00,2021,Premier League 2020-2021,8
0,1,West Ham,Fulham,2020-11-07 20:00:00,2021,Premier League 2020-2021,8
1,0,West Brom,Tottenham,2020-11-08 12:00:00,2021,Premier League 2020-2021,8
0,1,Leicester,Wolves,2020-11-08 14:00:00,2021,Premier League 2020-2021,8
1,1,Man City,Liverpool,2020-11-08 16:30:00,2021,Premier League 2020-2021,8
3,0,Arsenal,Aston Villa,2020-11-08 19:15:00,2021,Premier League 2020-2021,8
2,0,Newcastle,Chelsea,2020-11-21 12:30:00,2021,Premier League 2020-2021,8
2,1,Aston Villa,Brighton,2020-11-21 15:00:00,2021,Premier League 2020-2021,8
0,2,Tottenham,Man City,2020-11-21 17:30:00,2021,Premier League 2020-2021,9
0,1,Man United,West Brom,2020-11-21 20:00:00,2021,Premier League 2020-2021,9
3,2,Fulham,Everton,2020-11-22 12:00:00,2021,Premier League 2020-2021,9
1,0,Sheffield United,West Ham,2020-11-22 14:00:00,2021,Premier League 2020-2021,9
0,0,Leeds,Arsenal,2020-11-22 16:30:00,2021,Premier League 2020-2021,9
0,3,Liverpool,Leicester,2020-11-22 19:15:00,2021,Premier League 2020-2021,9
0,1,Burnley,Crystal Palace,2020-11-23 17:30:00,2021,Premier League 2020-2021,9
1,1,Wolves,Southampton,2020-11-23 20:00:00,2021,Premier League 2020-2021,9
2,0,Crystal Palace,Newcastle,2020-11-27 20:00:00,2021,Premier League 2020-2021,9
1,1,Brighton,Liverpool,2020-11-28 12:30:00,2021,Premier League 2020-2021,9
0,5,Man City,Burnley,2020-11-28 15:00:00,2021,Premier League 2020-2021,10
1,0,Everton,Leeds,2020-11-28 17:30:00,2021,Premier League 2020-2021,10
0,1,West Brom,Sheffield United,2020-11-28 20:00:00,2021,Premier League 2020-2021,10
3,2,Southampton,Man United,2020-11-29 14:00:00,2021,Premier League 2020-2021,10
0,0,Chelsea,Tottenham,2020-11-29 16:30:00,2021,Premier League 2020-2021,10
2,1,Arsenal,Wolves,2020-11-29 19:15:00,2021,Premier League 2020-2021,10
2,1,Leicester,Fulham,2020-11-30 17:30:00,2021,Premier League 2020-2021,10
1,2,West Ham,Aston Villa,2020-11-30 20:00:00,2021,Premier League 2020-2021,10
1,1,Burnley,Everton,2020-12-05 12:30:00,2021,Premier League 2020-2021,10
0,2,Man City,Fulham,2020-12-05 15:00:00,2021,Premier League 2020-2021,10
3,1,West Ham,Man United,2020-12-05 17:30:00,2021,Premier League 2020-2021,11
1,3,Chelsea,Leeds,2020-12-05 20:00:00,2021,Premier League 2020-2021,11
5,1,West Brom,Crystal Palace,2020-12-06 12:00:00,2021,Premier League 2020-2021,11
2,1,Sheffield United,Leicester,2020-12-06 14:15:00,2021,Premier League 2020-2021,11
0,2,Tottenham,Arsenal,2020-12-06 16:30:00,2021,Premier League 2020-2021,11
0,4,Liverpool,Wolves,2020-12-06 19:15:00,2021,Premier League 2020-2021,11
2,1,Brighton,Southampton,2020-12-07 20:00:00,2021,Premier League 2020-2021,11
2,1,Leeds,West Ham,2020-12-11 20:00:00,2021,Premier League 2020-2021,11
1,0,Wolves,Aston Villa,2020-12-12 12:30:00,2021,Premier League 2020-2021,11
1,2,Newcastle,West Brom,2020-12-12 15:00:00,2021,Premier League 2020-2021,11
0,0,Man United,Man City,2020-12-12 17:30:00,2021,Premier League 2020-2021,12
0,1,Everton,Chelsea,2020-12-12 20:00:00,2021,Premier League 2020-2021,12
0,3,Southampton,Sheffield United,2020-12-13 12:00:00,2021,Premier League 2020-2021,12
1,1,Crystal Palace,Tottenham,2020-12-13 14:15:00,2021,Premier League 2020-2021,12
1,1,Fulham,Liverpool,2020-12-13 16:30:00,2021,Premier League 2020-2021,12
0,3,Leicester,Brighton,2020-12-13 19:15:00,2021,Premier League 2020-2021,12
1,0,Arsenal,Burnley,2020-12-13 19:15:00,2021,Premier League 2020-2021,12
1,2,Wolves,Chelsea,2020-12-15 18:00:00,2021,Premier League 2020-2021,12
1,1,Man City,West Brom,2020-12-15 20:00:00,2021,Premier League 2020-2021,12
1,1,Arsenal,Southampton,2020-12-16 18:00:00,2021,Premier League 2020-2021,12
2,5,Leeds,Newcastle,2020-12-16 18:00:00,2021,Premier League 2020-2021,13
2,0,Leicester,Everton,2020-12-16 18:00:00,2021,Premier League 2020-2021,13
0,0,Fulham,Brighton,2020-12-16 20:00:00,2021,Premier League 2020-2021,13
1,2,Liverpool,Tottenham,2020-12-16 20:00:00,2021,Premier League 2020-2021,13
1,1,West Ham,Crystal Palace,2020-12-16 20:00:00,2021,Premier League 2020-2021,13
0,0,Aston Villa,Burnley,2020-12-17 18:00:00,2021,Premier League 2020-2021,13
3,2,Sheffield United,Man United,2020-12-17 20:00:00,2021,Premier League 2020-2021,13
7,0,Crystal Palace,Liverpool,2020-12-19 12:30:00,2021,Premier League 2020-2021,13
1,0,Southampton,Man City,2020-12-19 15:00:00,2021,Premier League 2020-2021,13
1,2,Everton,Arsenal,2020-12-19 17:30:00,2021,Premier League 2020-2021,13
1,1,Newcastle,Fulham,2020-12-19 20:00:00,2021,Premier League 2020-2021,14
1,1,Brighton,Sheffield United,2020-12-20 12:00:00,2021,Premier League 2020-2021,14
2,0,Tottenham,Leicester,2020-12-20 14:15:00,2021,Premier League 2020-2021,14
2,6,Man United,Leeds,2020-12-20 16:30:00,2021,Premier League 2020-2021,14
3,0,West Brom,Aston Villa,2020-12-20 19:15:00,2021,Premier League 2020-2021,14
1,2,Burnley,Wolves,2020-12-21 17:30:00,2021,Premier League 2020-2021,14
0,3,Chelsea,West Ham,2020-12-21 20:00:00,2021,Premier League 2020-2021,14
2,2,Leicester,Man United,2020-12-26 12:30:00,2021,Premier League 2020-2021,14
0,0,Fulham,Southampton,2020-12-26 15:00:00,2021,Premier League 2020-2021,14
0,3,Aston Villa,Crystal Palace,2020-12-26 15:00:00,2021,Premier League 2020-2021,14
1,3,Arsenal,Chelsea,2020-12-26 17:30:00,2021,Premier League 2020-2021,15
0,2,Man City,Newcastle,2020-12-26 20:00:00,2021,Premier League 2020-2021,15
1,0,Sheffield United,Everton,2020-12-26 20:00:00,2021,Premier League 2020-2021,15
0,1,Leeds,Burnley,2020-12-27 12:00:00,2021,Premier League 2020-2021,15
2,2,West Ham,Brighton,2020-12-27 14:15:00,2021,Premier League 2020-2021,15
1,1,Liverpool,West Brom,2020-12-27 16:30:00,2021,Premier League 2020-2021,15
1,1,Wolves,Tottenham,2020-12-27 19:15:00,2021,Premier League 2020-2021,15
1,1,Crystal Palace,Leicester,2020-12-28 15:00:00,2021,Premier League 2020-2021,15
1,1,Chelsea,Aston Villa,2020-12-28 17:30:00,2021,Premier League 2020-2021,15
5,0,West Brom,Leeds,2020-12-29 18:00:00,2021,Premier League 2020-2021,15
0,0,Southampton,West Ham,2020-12-29 18:00:00,2021,Premier League 2020-2021,16
0,1,Burnley,Sheffield United,2020-12-29 18:00:00,2021,Premier League 2020-2021,16
1,0,Brighton,Arsenal,2020-12-29 18:00:00,2021,Premier League 2020-2021,16
0,1,Man United,Wolves,2020-12-29 20:00:00,2021,Premier League 2020-2021,16
0,0,Newcastle,Liverpool,2020-12-30 20:00:00,2021,Premier League 2020-2021,16
1,0,Everton,West Ham,2021-01-01 17:30:00,2021,Premier League 2020-2021,16
1,2,Man United,Aston Villa,2021-01-01 20:00:00,2021,Premier League 2020-2021,16
0,3,Tottenham,Leeds,2021-01-02 12:30:00,2021,Premier League 2020-2021,16
0,2,Crystal Palace,Sheffield United,2021-01-02 15:00:00,2021,Premier League 2020-2021,16
3,3,Brighton,Wolves,2021-01-02 17:30:00,2021,Premier League 2020-2021,16
4,0,West Brom,Arsenal,2021-01-02 20:00:00,2021,Premier League 2020-2021,17
2,1,Newcastle,Leicester,2021-01-03 14:15:00,2021,Premier League 2020-2021,17
3,1,Chelsea,Man City,2021-01-03 16:30:00,2021,Premier League 2020-2021,17
0,1,Southampton,Liverpool,2021-01-04 20:00:00,2021,Premier League 2020-2021,17
0,1,Sheffield United,Newcastle,2021-01-12 18:00:00,2021,Premier League 2020-2021,17
1,0,Burnley,Man United,2021-01-12 20:15:00,2021,Premier League 2020-2021,17
2,1,Wolves,Everton,2021-01-12 20:15:00,2021,Premier League 2020-2021,17
0,1,Man City,Brighton,2021-01-13 18:00:00,2021,Premier League 2020-2021,17
1,1,Tottenham,Fulham,2021-01-13 20:15:00,2021,Premier League 2020-2021,17
0,0,Arsenal,Crystal Palace,2021-01-14 20:00:00,2021,Premier League 2020-2021,17
3,2,Wolves,West Brom,2021-01-16 12:30:00,2021,Premier League 2020-2021,18
1,0,Leeds,Brighton,2021-01-16 15:00:00,2021,Premier League 2020-2021,18
0,1,West Ham,Burnley,2021-01-16 15:00:00,2021,Premier League 2020-2021,18
1,0,Fulham,Chelsea,2021-01-16 17:30:00,2021,Premier League 2020-2021,18
0,2,Leicester,Southampton,2021-01-16 20:00:00,2021,Premier League 2020-2021,18
3,1,Sheffield United,Tottenham,2021-01-17 14:00:00,2021,Premier League 2020-2021,18
0,0,Liverpool,Man United,2021-01-17 16:30:00,2021,Premier League 2020-2021,18
0,4,Man City,Crystal Palace,2021-01-17 19:15:00,2021,Premier League 2020-2021,18
0,3,Arsenal,Newcastle,2021-01-18 20:00:00,2021,Premier League 2020-2021,18
1,2,West Ham,West Brom,2021-01-19 18:00:00,2021,Premier League 2020-2021,18
0,2,Leicester,Chelsea,2021-01-19 20:15:00,2021,Premier League 2020-2021,19
0,2,Man City,Aston Villa,2021-01-20 18:00:00,2021,Premier League 2020-2021,19
2,1,Fulham,Man United,2021-01-20 20:15:00,2021,Premier League 2020-2021,19
1,0,Liverpool,Burnley,2021-01-21 20:00:00,2021,Premier League 2020-2021,19
0,2,Aston Villa,Newcastle,2021-01-23 20:00:00,2021,Premier League 2020-2021,19
2,1,Newcastle,Leeds,2021-01-26 18:00:00,2021,Premier League 2020-2021,19
3,2,Crystal Palace,West Ham,2021-01-26 18:00:00,2021,Premier League 2020-2021,19
3,1,Southampton,Arsenal,2021-01-26 20:15:00,2021,Premier League 2020-2021,19
5,0,West Brom,Man City,2021-01-26 20:15:00,2021,Premier League 2020-2021,19
2,3,Burnley,Aston Villa,2021-01-27 18:00:00,2021,Premier League 2020-2021,19
0,0,Chelsea,Wolves,2021-01-27 18:00:00,2021,Premier League 2020-2021,20
0,0,Brighton,Fulham,2021-01-27 19:30:00,2021,Premier League 2020-2021,20
1,1,Everton,Leicester,2021-01-27 20:15:00,2021,Premier League 2020-2021,20
2,1,Man United,Sheffield United,2021-01-27 20:15:00,2021,Premier League 2020-2021,20
3,1,Tottenham,Liverpool,2021-01-28 20:00:00,2021,Premier League 2020-2021,20
2,0,Everton,Newcastle,2021-01-30 12:30:00,2021,Premier League 2020-2021,20
2,2,West Brom,Fulham,2021-01-30 15:00:00,2021,Premier League 2020-2021,20
0,1,Crystal Palace,Wolves,2021-01-30 15:00:00,2021,Premier League 2020-2021,20
0,1,Man City,Sheffield United,2021-01-30 15:00:00,2021,Premier League 2020-2021,20
0,0,Arsenal,Man United,2021-01-30 17:30:00,2021,Premier League 2020-2021,20
1,0,Southampton,Aston Villa,2021-01-30 20:00:00,2021,Premier League 2020-2021,21
0,2,Chelsea,Burnley,2021-01-31 12:00:00,2021,Premier League 2020-2021,21
3,1,Leicester,Leeds,2021-01-31 14:00:00,2021,Premier League 2020-2021,21
3,1,West Ham,Liverpool,2021-01-31 16:30:00,2021,Premier League 2020-2021,21
0,1,Brighton,Tottenham,2021-01-31 19:15:00,2021,Premier League 2020-2021,21
1,2,Sheffield United,West Brom,2021-02-02 18:00:00,2021,Premier League 2020-2021,21
1,2,Wolves,Arsenal,2021-02-02 18:00:00,2021,Premier League 2020-2021,21
2,1,Newcastle,Crystal Palace,2021-02-02 20:15:00,2021,Premier League 2020-2021,21
0,9,Man United,Southampton,2021-02-02 20:15:00,2021,Premier League 2020-2021,21
2,0,Burnley,Man City,2021-02-03 18:00:00,2021,Premier League 2020-2021,21
2,0,Fulham,Leicester,2021-02-03 18:00:00,2021,Premier League 2020-2021,22
2,1,Leeds,Everton,2021-02-03 19:30:00,2021,Premier League 2020-2021,22
3,1,Aston Villa,West Ham,2021-02-03 20:15:00,2021,Premier League 2020-2021,22
1,0,Liverpool,Brighton,2021-02-03 20:15:00,2021,Premier League 2020-2021,22
1,0,Tottenham,Chelsea,2021-02-04 20:00:00,2021,Premier League 2020-2021,22
0,1,Aston Villa,Arsenal,2021-02-06 12:30:00,2021,Premier League 2020-2021,22
1,1,Burnley,Brighton,2021-02-06 15:00:00,2021,Premier League 2020-2021,22
2,3,Newcastle,Southampton,2021-02-06 15:00:00,2021,Premier League 2020-2021,22
0,0,Fulham,West Ham,2021-02-06 17:30:00,2021,Premier League 2020-2021,22
3,3,Man United,Everton,2021-02-06 20:00:00,2021,Premier League 2020-2021,22
0,2,Tottenham,West Brom,2021-02-07 12:00:00,2021,Premier League 2020-2021,23
0,0,Wolves,Leicester,2021-02-07 14:00:00,2021,Premier League 2020-2021,23
4,1,Liverpool,Man City,2021-02-07 16:30:00,2021,Premier League 2020-2021,23
2,1,Sheffield United,Chelsea,2021-02-07 19:15:00,2021,Premier League 2020-2021,23
0,2,Leeds,Crystal Palace,2021-02-08 20:00:00,2021,Premier League 2020-2021,23
1,3,Leicester,Liverpool,2021-02-13 12:30:00,2021,Premier League 2020-2021,23
3,0,Crystal Palace,Burnley,2021-02-13 15:00:00,2021,Premier League 2020-2021,23
0,3,Man City,Tottenham,2021-02-13 17:30:00,2021,Premier League 2020-2021,23
0,0,Brighton,Aston Villa,2021-02-13 20:00:00,2021,Premier League 2020-2021,23
2,1,Southampton,Wolves,2021-02-14 12:00:00,2021,Premier League 2020-2021,23
1,1,West Brom,Man United,2021-02-14 14:00:00,2021,Premier League 2020-2021,24
2,4,Arsenal,Leeds,2021-02-14 16:30:00,2021,Premier League 2020-2021,24
2,0,Everton,Fulham,2021-02-14 19:00:00,2021,Premier League 2020-2021,24
0,3,West Ham,Sheffield United,2021-02-15 18:00:00,2021,Premier League 2020-2021,24
0,2,Chelsea,Newcastle,2021-02-15 20:00:00,2021,Premier League 2020-2021,24
1,1,Burnley,Fulham,2021-02-17 18:00:00,2021,Premier League 2020-2021,24
3,1,Everton,Man City,2021-02-17 20:15:00,2021,Premier League 2020-2021,24
0,1,Wolves,Leeds,2021-02-19 20:00:00,2021,Premier League 2020-2021,24
1,1,Southampton,Chelsea,2021-02-20 12:30:00,2021,Premier League 2020-2021,24
0,0,Burnley,West Brom,2021-02-20 15:00:00,2021,Premier League 2020-2021,24
2,0,Liverpool,Everton,2021-02-20 17:30:00,2021,Premier League 2020-2021,25
0,1,Fulham,Sheffield United,2021-02-20 20:00:00,2021,Premier League 2020-2021,25
1,2,West Ham,Tottenham,2021-02-21 12:00:00,2021,Premier League 2020-2021,25
2,1,Aston Villa,Leicester,2021-02-21 14:05:00,2021,Premier League 2020-2021,25
1,0,Arsenal,Man City,2021-02-21 16:30:00,2021,Premier League 2020-2021,25
1,3,Man United,Newcastle,2021-02-21 19:00:00,2021,Premier League 2020-2021,25
2,1,Brighton,Crystal Palace,2021-02-22 20:00:00,2021,Premier League 2020-2021,25
0,3,Leeds,Southampton,2021-02-23 18:00:00,2021,Premier League 2020-2021,25
1,2,Man City,West Ham,2021-02-27 12:30:00,2021,Premier League 2020-2021,25
0,1,West Brom,Brighton,2021-02-27 15:00:00,2021,Premier League 2020-2021,25
1,0,Leeds,Aston Villa,2021-02-27 17:30:00,2021,Premier League 2020-2021,26
1,1,Newcastle,Wolves,2021-02-27 20:00:00,2021,Premier League 2020-2021,26
0,0,Crystal Palace,Fulham,2021-02-28 12:00:00,2021,Premier League 2020-2021,26
3,1,Leicester,Arsenal,2021-02-28 12:00:00,2021,Premier League 2020-2021,26
0,4,Tottenham,Burnley,2021-02-28 14:00:00,2021,Premier League 2020-2021,26
0,0,Chelsea,Man United,2021-02-28 16:30:00,2021,Premier League 2020-2021,26
2,0,Sheffield United,Liverpool,2021-02-28 19:15:00,2021,Premier League 2020-2021,26
0,1,Everton,Southampton,2021-03-01 20:00:00,2021,Premier League 2020-2021,26
1,4,Man City,Wolves,2021-03-02 20:00:00,2021,Premier League 2020-2021,26
1,1,Burnley,Leicester,2021-03-03 18:00:00,2021,Premier League 2020-2021,26
0,1,Sheffield United,Aston Villa,2021-03-03 18:00:00,2021,Premier League 2020-2021,27
0,0,Crystal Palace,Man United,2021-03-03 20:15:00,2021,Premier League 2020-2021,27
1,0,Fulham,Tottenham,2021-03-04 18:00:00,2021,Premier League 2020-2021,27
1,0,West Brom,Everton,2021-03-04 18:00:00,2021,Premier League 2020-2021,27
1,0,Liverpool,Chelsea,2021-03-04 20:15:00,2021,Premier League 2020-2021,27
1,1,Burnley,Arsenal,2021-03-06 12:30:00,2021,Premier League 2020-2021,27
2,0,Sheffield United,Southampton,2021-03-06 15:00:00,2021,Premier League 2020-2021,27
0,0,Aston Villa,Wolves,2021-03-06 17:30:00,2021,Premier League 2020-2021,27
2,1,Brighton,Leicester,2021-03-06 20:00:00,2021,Premier League 2020-2021,27
0,0,West Brom,Newcastle,2021-03-07 12:00:00,2021,Premier League 2020-2021,27
1,0,Liverpool,Fulham,2021-03-07 14:00:00,2021,Premier League 2020-2021,28
2,0,Man City,Man United,2021-03-07 16:30:00,2021,Premier League 2020-2021,28
1,4,Tottenham,Crystal Palace,2021-03-07 19:15:00,2021,Premier League 2020-2021,28
0,2,Chelsea,Everton,2021-03-08 18:00:00,2021,Premier League 2020-2021,28
0,2,West Ham,Leeds,2021-03-08 20:00:00,2021,Premier League 2020-2021,28
2,5,Man City,Southampton,2021-03-10 18:00:00,2021,Premier League 2020-2021,28
1,1,Newcastle,Aston Villa,2021-03-12 20:00:00,2021,Premier League 2020-2021,28
0,0,Leeds,Chelsea,2021-03-13 12:30:00,2021,Premier League 2020-2021,28
0,1,Crystal Palace,West Brom,2021-03-13 15:00:00,2021,Premier League 2020-2021,28
2,1,Everton,Burnley,2021-03-13 17:30:00,2021,Premier League 2020-2021,28
3,0,Fulham,Man City,2021-03-13 20:00:00,2021,Premier League 2020-2021,29
2,1,Southampton,Brighton,2021-03-14 12:00:00,2021,Premier League 2020-2021,29
0,5,Leicester,Sheffield United,2021-03-14 14:00:00,2021,Premier League 2020-2021,29
1,2,Arsenal,Tottenham,2021-03-14 16:30:00,2021,Premier League 2020-2021,29
0,1,Man United,West Ham,2021-03-14 19:15:00,2021,Premier League 2020-2021,29
1,0,Wolves,Liverpool,2021-03-15 20:00:00,2021,Premier League 2020-2021,29
2,1,Fulham,Leeds,2021-03-19 20:00:00,2021,Premier League 2020-2021,29
0,3,Brighton,Newcastle,2021-03-20 20:00:00,2021,Premier League 2020-2021,29
3,3,West Ham,Arsenal,2021-03-21 15:00:00,2021,Premier League 2020-2021,29
2,0,Aston Villa,Tottenham,2021-03-21 19:30:00,2021,Premier League 2020-2021,29
5,2,Chelsea,West Brom,2021-04-03 12:30:00,2021,Premier League 2020-2021,30
1,2,Leeds,Sheffield United,2021-04-03 15:00:00,2021,Premier League 2020-2021,30
2,0,Leicester,Man City,2021-04-03 17:30:00,2021,Premier League 2020-2021,30
3,0,Arsenal,Liverpool,2021-04-03 20:00:00,2021,Premier League 2020-2021,30
2,3,Southampton,Burnley,2021-04-04 12:00:00,2021,Premier League 2020-2021,30
2,2,Newcastle,Tottenham,2021-04-04 14:05:00,2021,Premier League 2020-2021,30
1,3,Aston Villa,Fulham,2021-04-04 16:30:00,2021,Premier League 2020-2021,30
1,2,Man United,Brighton,2021-04-04 19:30:00,2021,Premier League 2020-2021,30
1,1,Everton,Crystal Palace,2021-04-05 18:00:00,2021,Premier League 2020-2021,30
3,2,Wolves,West Ham,2021-04-05 20:15:00,2021,Premier League 2020-2021,30
1,0,Fulham,Wolves,2021-04-09 20:00:00,2021,Premier League 2020-2021,31
2,1,Man City,Leeds,2021-04-10 12:30:00,2021,Premier League 2020-2021,31
1,2,Liverpool,Aston Villa,2021-04-10 15:00:00,2021,Premier League 2020-2021,31
4,1,Crystal Palace,Chelsea,2021-04-10 17:30:00,2021,Premier League 2020-2021,31
2,1,Burnley,Newcastle,2021-04-11 12:00:00,2021,Premier League 2020-2021,31
2,3,West Ham,Leicester,2021-04-11 14:05:00,2021,Premier League 2020-2021,31
3,1,Tottenham,Man United,2021-04-11 16:30:00,2021,Premier League 2020-2021,31
3,0,Sheffield United,Arsenal,2021-04-11 19:00:00,2021,Premier League 2020-2021,31
0,3,West Brom,Southampton,2021-04-12 18:00:00,2021,Premier League 2020-2021,31
0,0,Brighton,Everton,2021-04-12 20:15:00,2021,Premier League 2020-2021,31
2,2,Everton,Tottenham,2021-04-16 20:00:00,2021,Premier League 2020-2021,32
2,3,Newcastle,West Ham,2021-04-17 12:30:00,2021,Premier League 2020-2021,32
0,1,Wolves,Sheffield United,2021-04-17 20:15:00,2021,Premier League 2020-2021,32
1,1,Arsenal,Fulham,2021-04-18 13:30:00,2021,Premier League 2020-2021,32
1,3,Man United,Burnley,2021-04-18 16:00:00,2021,Premier League 2020-2021,32
1,1,Leeds,Liverpool,2021-04-19 20:00:00,2021,Premier League 2020-2021,32
0,0,Chelsea,Brighton,2021-04-20 20:00:00,2021,Premier League 2020-2021,32
1,2,Tottenham,Southampton,2021-04-21 18:00:00,2021,Premier League 2020-2021,32
2,1,Aston Villa,Man City,2021-04-21 20:15:00,2021,Premier League 2020-2021,32
0,3,Leicester,West Brom,2021-04-22 20:00:00,2021,Premier League 2020-2021,32
1,0,Arsenal,Everton,2021-04-23 20:00:00,2021,Premier League 2020-2021,33
1,1,Liverpool,Newcastle,2021-04-24 12:30:00,2021,Premier League 2020-2021,33
1,0,West Ham,Chelsea,2021-04-24 17:30:00,2021,Premier League 2020-2021,33
0,1,Sheffield United,Brighton,2021-04-24 20:00:00,2021,Premier League 2020-2021,33
4,0,Wolves,Burnley,2021-04-25 12:00:00,2021,Premier League 2020-2021,33
0,0,Leeds,Man United,2021-04-25 14:00:00,2021,Premier League 2020-2021,33
2,2,Aston Villa,West Brom,2021-04-25 19:00:00,2021,Premier League 2020-2021,33
1,2,Leicester,Crystal Palace,2021-04-26 20:00:00,2021,Premier League 2020-2021,33
1,1,Southampton,Leicester,2021-04-30 20:00:00,2021,Premier League 2020-2021,33
2,0,Crystal Palace,Man City,2021-05-01 12:30:00,2021,Premier League 2020-2021,33
0,2,Brighton,Leeds,2021-05-01 15:00:00,2021,Premier League 2020-2021,34
0,2,Chelsea,Fulham,2021-05-01 17:30:00,2021,Premier League 2020-2021,34
2,1,Everton,Aston Villa,2021-05-01 20:00:00,2021,Premier League 2020-2021,34
2,0,Newcastle,Arsenal,2021-05-02 14:00:00,2021,Premier League 2020-2021,34
0,4,Tottenham,Sheffield United,2021-05-02 19:15:00,2021,Premier League 2020-2021,34
1,1,West Brom,Wolves,2021-05-03 18:00:00,2021,Premier League 2020-2021,34
2,1,Burnley,West Ham,2021-05-03 20:15:00,2021,Premier League 2020-2021,34
4,2,Leicester,Newcastle,2021-05-07 20:00:00,2021,Premier League 2020-2021,34
1,3,Leeds,Tottenham,2021-05-08 12:30:00,2021,Premier League 2020-2021,34
2,0,Sheffield United,Crystal Palace,2021-05-08 15:00:00,2021,Premier League 2020-2021,34
2,1,Man City,Chelsea,2021-05-08 17:30:00,2021,Premier League 2020-2021,35
0,2,Liverpool,Southampton,2021-05-08 20:15:00,2021,Premier League 2020-2021,35
1,2,Wolves,Brighton,2021-05-09 12:00:00,2021,Premier League 2020-2021,35
3,1,Aston Villa,Man United,2021-05-09 14:05:00,2021,Premier League 2020-2021,35
1,0,West Ham,Everton,2021-05-09 16:30:00,2021,Premier League 2020-2021,35
1,3,Arsenal,West Brom,2021-05-09 19:00:00,2021,Premier League 2020-2021,35
2,0,Fulham,Burnley,2021-05-10 20:00:00,2021,Premier League 2020-2021,35
2,1,Man United,Leicester,2021-05-11 18:00:00,2021,Premier League 2020-2021,35
1,3,Southampton,Crystal Palace,2021-05-11 20:15:00,2021,Premier League 2020-2021,35
1,0,Chelsea,Arsenal,2021-05-12 20:15:00,2021,Premier League 2020-2021,35
0,0,Aston Villa,Everton,2021-05-13 18:00:00,2021,Premier League 2020-2021,36
4,2,Man United,Liverpool,2021-05-13 20:15:00,2021,Premier League 2020-2021,36
4,3,Newcastle,Man City,2021-05-14 20:00:00,2021,Premier League 2020-2021,36
4,0,Burnley,Leeds,2021-05-15 12:30:00,2021,Premier League 2020-2021,36
1,3,Southampton,Fulham,2021-05-15 15:00:00,2021,Premier League 2020-2021,36
1,1,Brighton,West Ham,2021-05-15 20:00:00,2021,Premier League 2020-2021,36
2,3,Crystal Palace,Aston Villa,2021-05-16 12:00:00,2021,Premier League 2020-2021,36
0,2,Tottenham,Wolves,2021-05-16 14:05:00,2021,Premier League 2020-2021,36
2,1,West Brom,Liverpool,2021-05-16 16:30:00,2021,Premier League 2020-2021,36
1,0,Everton,Sheffield United,2021-05-16 19:00:00,2021,Premier League 2020-2021,36
1,1,Man United,Fulham,2021-05-18 18:00:00,2021,Premier League 2020-2021,37
2,0,Southampton,Leeds,2021-05-18 18:00:00,2021,Premier League 2020-2021,37
2,3,Brighton,Man City,2021-05-18 19:00:00,2021,Premier League 2020-2021,37
1,2,Chelsea,Leicester,2021-05-18 20:15:00,2021,Premier League 2020-2021,37
0,1,Everton,Wolves,2021-05-19 18:00:00,2021,Premier League 2020-2021,37
0,1,Newcastle,Sheffield United,2021-05-19 18:00:00,2021,Premier League 2020-2021,37
2,1,Tottenham,Aston Villa,2021-05-19 18:00:00,2021,Premier League 2020-2021,37
3,1,Crystal Palace,Arsenal,2021-05-19 19:00:00,2021,Premier League 2020-2021,37
3,0,Burnley,Liverpool,2021-05-19 20:15:00,2021,Premier League 2020-2021,37
3,1,West Brom,West Ham,2021-05-19 20:15:00,2021,Premier League 2020-2021,37
0,1,Sheffield United,Burnley,2021-05-23 16:00:00,2021,Premier League 2020-2021,38
0,5,Man City,Everton,2021-05-23 16:00:00,2021,Premier League 2020-2021,38
0,3,West Ham,Southampton,2021-05-23 16:00:00,2021,Premier League 2020-2021,38
0,2,Liverpool,Crystal Palace,2021-05-23 16:00:00,2021,Premier League 2020-2021,38
2,1,Wolves,Man United,2021-05-23 16:00:00,2021,Premier League 2020-2021,38
1,3,Leeds,West Brom,2021-05-23 16:00:00,2021,Premier League 2020-2021,38
0,2,Arsenal,Brighton,2021-05-23 16:00:00,2021,Premier League 2020-2021,38
4,2,Leicester,Tottenham,2021-05-23 16:00:00,2021,Premier League 2020-2021,38
2,0,Fulham,Newcastle,2021-05-23 16:00:00,2021,Premier League 2020-2021,38
1,2,Aston Villa,Chelsea,2021-05-23 16:00:00,2021,Premier League 2020-2021,38
0,2,Brentford,Arsenal,2021-08-13 20:00:00,2022,Premier League 2021-2022,1
1,5,Man United,Leeds,2021-08-14 12:30:00,2022,Premier League 2021-2022,1
2,1,Burnley,Brighton,2021-08-14 15:00:00,2022,Premier League 2021-2022,1
0,3,Chelsea,Crystal Palace,2021-08-14 15:00:00,2022,Premier League 2021-2022,1
1,3,Everton,Southampton,2021-08-14 15:00:00,2022,Premier League 2021-2022,1
0,1,Leicester,Wolves,2021-08-14 15:00:00,2022,Premier League 2021-2022,1
2,3,Watford,Aston Villa,2021-08-14 15:00:00,2022,Premier League 2021-2022,1
3,0,Norwich,Liverpool,2021-08-14 17:30:00,2022,Premier League 2021-2022,1
4,2,Newcastle,West Ham,2021-08-15 14:00:00,2022,Premier League 2021-2022,1
0,1,Tottenham,Man City,2021-08-15 16:30:00,2022,Premier League 2021-2022,1
0,2,Liverpool,Burnley,2021-08-21 12:30:00,2022,Premier League 2021-2022,2
0,2,Aston Villa,Newcastle,2021-08-21 15:00:00,2022,Premier League 2021-2022,2
0,0,Crystal Palace,Brentford,2021-08-21 15:00:00,2022,Premier League 2021-2022,2
2,2,Leeds,Everton,2021-08-21 15:00:00,2022,Premier League 2021-2022,2
0,5,Man City,Norwich,2021-08-21 15:00:00,2022,Premier League 2021-2022,2
0,2,Brighton,Watford,2021-08-21 17:30:00,2022,Premier League 2021-2022,2
1,1,Southampton,Man United,2021-08-22 14:00:00,2022,Premier League 2021-2022,2
1,0,Wolves,Tottenham,2021-08-22 14:00:00,2022,Premier League 2021-2022,2
2,0,Arsenal,Chelsea,2021-08-22 16:30:00,2022,Premier League 2021-2022,2
1,4,West Ham,Leicester,2021-08-23 20:00:00,2022,Premier League 2021-2022,2
0,5,Man City,Arsenal,2021-08-28 12:30:00,2022,Premier League 2021-2022,3
1,1,Aston Villa,Brentford,2021-08-28 15:00:00,2022,Premier League 2021-2022,3
2,0,Brighton,Everton,2021-08-28 15:00:00,2022,Premier League 2021-2022,3
2,2,Newcastle,Southampton,2021-08-28 15:00:00,2022,Premier League 2021-2022,3
2,1,Norwich,Leicester,2021-08-28 15:00:00,2022,Premier League 2021-2022,3
2,2,West Ham,Crystal Palace,2021-08-28 15:00:00,2022,Premier League 2021-2022,3
1,1,Liverpool,Chelsea,2021-08-28 17:30:00,2022,Premier League 2021-2022,3
1,1,Burnley,Leeds,2021-08-29 14:00:00,2022,Premier League 2021-2022,3
0,1,Tottenham,Watford,2021-08-29 14:00:00,2022,Premier League 2021-2022,3
1,0,Wolves,Man United,2021-08-29 16:30:00,2022,Premier League 2021-2022,3
0,3,Crystal Palace,Tottenham,2021-09-11 12:30:00,2022,Premier League 2021-2022,4
2,0,Watford,Wolves,2021-09-11 15:00:00,2022,Premier League 2021-2022,4
0,0,Southampton,West Ham,2021-09-11 15:00:00,2022,Premier League 2021-2022,4
1,4,Man United,Newcastle,2021-09-11 15:00:00,2022,Premier League 2021-2022,4
1,0,Brentford,Brighton,2021-09-11 15:00:00,2022,Premier League 2021-2022,4
0,1,Arsenal,Norwich,2021-09-11 15:00:00,2022,Premier League 2021-2022,4
1,0,Leicester,Man City,2021-09-11 15:00:00,2022,Premier League 2021-2022,4
0,3,Chelsea,Aston Villa,2021-09-11 17:30:00,2022,Premier League 2021-2022,4
3,0,Leeds,Liverpool,2021-09-12 16:30:00,2022,Premier League 2021-2022,4
1,3,Everton,Burnley,2021-09-13 20:00:00,2022,Premier League 2021-2022,4
1,1,Newcastle,Leeds,2021-09-17 20:00:00,2022,Premier League 2021-2022,5
2,0,Wolves,Brentford,2021-09-18 12:30:00,2022,Premier League 2021-2022,5
3,1,Norwich,Watford,2021-09-18 15:00:00,2022,Premier League 2021-2022,5
0,0,Man City,Southampton,2021-09-18 15:00:00,2022,Premier League 2021-2022,5
0,3,Liverpool,Crystal Palace,2021-09-18 15:00:00,2022,Premier League 2021-2022,5
1,0,Burnley,Arsenal,2021-09-18 15:00:00,2022,Premier League 2021-2022,5
0,3,Aston Villa,Everton,2021-09-18 17:30:00,2022,Premier League 2021-2022,5
1,2,Brighton,Leicester,2021-09-19 14:00:00,2022,Premier League 2021-2022,5
2,1,West Ham,Man United,2021-09-19 14:00:00,2022,Premier League 2021-2022,5
3,0,Tottenham,Chelsea,2021-09-19 16:30:00,2022,Premier League 2021-2022,5
1,0,Chelsea,Man City,2021-09-25 12:30:00,2022,Premier League 2021-2022,6
1,0,Man United,Aston Villa,2021-09-25 12:30:00,2022,Premier League 2021-2022,6
2,2,Leicester,Burnley,2021-09-25 15:00:00,2022,Premier League 2021-2022,6
1,1,Watford,Newcastle,2021-09-25 15:00:00,2022,Premier League 2021-2022,6
0,2,Everton,Norwich,2021-09-25 15:00:00,2022,Premier League 2021-2022,6
2,1,Leeds,West Ham,2021-09-25 15:00:00,2022,Premier League 2021-2022,6
3,3,Brentford,Liverpool,2021-09-25 17:30:00,2022,Premier League 2021-2022,6
1,0,Southampton,Wolves,2021-09-26 14:00:00,2022,Premier League 2021-2022,6
1,3,Arsenal,Tottenham,2021-09-26 16:30:00,2022,Premier League 2021-2022,6
1,1,Crystal Palace,Brighton,2021-09-27 20:00:00,2022,Premier League 2021-2022,6
1,1,Man United,Everton,2021-10-02 12:30:00,2022,Premier League 2021-2022,7
0,0,Burnley,Norwich,2021-10-02 15:00:00,2022,Premier League 2021-2022,7
1,3,Chelsea,Southampton,2021-10-02 15:00:00,2022,Premier League 2021-2022,7
0,1,Leeds,Watford,2021-10-02 15:00:00,2022,Premier League 2021-2022,7
1,2,Wolves,Newcastle,2021-10-02 15:00:00,2022,Premier League 2021-2022,7
0,0,Brighton,Arsenal,2021-10-02 17:30:00,2022,Premier League 2021-2022,7
2,1,West Ham,Brentford,2021-10-03 14:00:00,2022,Premier League 2021-2022,7
1,2,Tottenham,Aston Villa,2021-10-03 14:00:00,2022,Premier League 2021-2022,7
2,2,Crystal Palace,Leicester,2021-10-03 14:00:00,2022,Premier League 2021-2022,7
2,2,Liverpool,Man City,2021-10-03 16:30:00,2022,Premier League 2021-2022,7
5,0,Watford,Liverpool,2021-10-16 12:30:00,2022,Premier League 2021-2022,8
3,2,Aston Villa,Wolves,2021-10-16 15:00:00,2022,Premier League 2021-2022,8
2,4,Leicester,Man United,2021-10-16 15:00:00,2022,Premier League 2021-2022,8
0,2,Man City,Burnley,2021-10-16 15:00:00,2022,Premier League 2021-2022,8
0,0,Norwich,Brighton,2021-10-16 15:00:00,2022,Premier League 2021-2022,8
0,1,Southampton,Leeds,2021-10-16 15:00:00,2022,Premier League 2021-2022,8
1,0,Brentford,Chelsea,2021-10-16 17:30:00,2022,Premier League 2021-2022,8
1,0,Everton,West Ham,2021-10-17 14:00:00,2022,Premier League 2021-2022,8
3,2,Newcastle,Tottenham,2021-10-17 16:30:00,2022,Premier League 2021-2022,8
2,2,Arsenal,Crystal Palace,2021-10-18 20:00:00,2022,Premier League 2021-2022,8
1,3,Arsenal,Aston Villa,2021-10-22 20:00:00,2022,Premier League 2021-2022,9
0,7,Chelsea,Norwich,2021-10-23 12:30:00,2022,Premier League 2021-2022,9
1,1,Crystal Palace,Newcastle,2021-10-23 15:00:00,2022,Premier League 2021-2022,9
5,2,Everton,Watford,2021-10-23 15:00:00,2022,Premier League 2021-2022,9
1,1,Leeds,Wolves,2021-10-23 15:00:00,2022,Premier League 2021-2022,9
2,2,Southampton,Burnley,2021-10-23 15:00:00,2022,Premier League 2021-2022,9
4,1,Brighton,Man City,2021-10-23 17:30:00,2022,Premier League 2021-2022,9
2,1,Brentford,Leicester,2021-10-24 14:00:00,2022,Premier League 2021-2022,9
0,1,West Ham,Tottenham,2021-10-24 14:00:00,2022,Premier League 2021-2022,9
5,0,Man United,Liverpool,2021-10-24 16:30:00,2022,Premier League 2021-2022,9
2,0,Leicester,Arsenal,2021-10-30 12:30:00,2022,Premier League 2021-2022,10
1,3,Burnley,Brentford,2021-10-30 15:00:00,2022,Premier League 2021-2022,10
1,0,Watford,Southampton,2021-10-30 15:00:00,2022,Premier League 2021-2022,10
3,0,Newcastle,Chelsea,2021-10-30 15:00:00,2022,Premier League 2021-2022,10
2,2,Liverpool,Brighton,2021-10-30 15:00:00,2022,Premier League 2021-2022,10
2,0,Man City,Crystal Palace,2021-10-30 15:00:00,2022,Premier League 2021-2022,10
3,0,Tottenham,Man United,2021-10-30 17:30:00,2022,Premier League 2021-2022,10
2,1,Norwich,Leeds,2021-10-31 14:00:00,2022,Premier League 2021-2022,10
4,1,Aston Villa,West Ham,2021-10-31 16:30:00,2022,Premier League 2021-2022,10
1,2,Wolves,Everton,2021-11-01 20:00:00,2022,Premier League 2021-2022,10
0,1,Southampton,Aston Villa,2021-11-05 20:00:00,2022,Premier League 2021-2022,11
2,0,Man United,Man City,2021-11-06 12:30:00,2022,Premier League 2021-2022,11
2,1,Brentford,Norwich,2021-11-06 15:00:00,2022,Premier League 2021-2022,11
1,1,Chelsea,Burnley,2021-11-06 15:00:00,2022,Premier League 2021-2022,11
0,2,Crystal Palace,Wolves,2021-11-06 15:00:00,2022,Premier League 2021-2022,11
1,1,Brighton,Newcastle,2021-11-06 17:30:00,2022,Premier League 2021-2022,11
0,1,Arsenal,Watford,2021-11-07 14:00:00,2022,Premier League 2021-2022,11
0,0,Everton,Tottenham,2021-11-07 14:00:00,2022,Premier League 2021-2022,11
1,1,Leeds,Leicester,2021-11-07 14:00:00,2022,Premier League 2021-2022,11
2,3,West Ham,Liverpool,2021-11-07 16:30:00,2022,Premier League 2021-2022,11
3,0,Leicester,Chelsea,2021-11-20 12:30:00,2022,Premier League 2021-2022,12
0,2,Aston Villa,Brighton,2021-11-20 15:00:00,2022,Premier League 2021-2022,12
3,3,Burnley,Crystal Palace,2021-11-20 15:00:00,2022,Premier League 2021-2022,12
3,3,Newcastle,Brentford,2021-11-20 15:00:00,2022,Premier League 2021-2022,12
1,2,Norwich,Southampton,2021-11-20 15:00:00,2022,Premier League 2021-2022,12
1,4,Watford,Man United,2021-11-20 15:00:00,2022,Premier League 2021-2022,12
0,1,Wolves,West Ham,2021-11-20 15:00:00,2022,Premier League 2021-2022,12
0,4,Liverpool,Arsenal,2021-11-20 17:30:00,2022,Premier League 2021-2022,12
0,3,Man City,Everton,2021-11-21 14:00:00,2022,Premier League 2021-2022,12
1,2,Tottenham,Leeds,2021-11-21 16:30:00,2022,Premier League 2021-2022,12
0,2,Arsenal,Newcastle,2021-11-27 12:30:00,2022,Premier League 2021-2022,13
2,1,Crystal Palace,Aston Villa,2021-11-27 15:00:00,2022,Premier League 2021-2022,13
0,4,Liverpool,Southampton,2021-11-27 15:00:00,2022,Premier League 2021-2022,13
0,0,Norwich,Wolves,2021-11-27 15:00:00,2022,Premier League 2021-2022,13
0,0,Brighton,Leeds,2021-11-27 17:30:00,2022,Premier League 2021-2022,13
0,1,Brentford,Everton,2021-11-28 14:00:00,2022,Premier League 2021-2022,13
2,4,Leicester,Watford,2021-11-28 14:00:00,2022,Premier League 2021-2022,13
1,2,Man City,West Ham,2021-11-28 14:00:00,2022,Premier League 2021-2022,13
1,1,Chelsea,Man United,2021-11-28 16:30:00,2022,Premier League 2021-2022,13
1,1,Newcastle,Norwich,2021-11-30 19:30:00,2022,Premier League 2021-2022,13
0,1,Leeds,Crystal Palace,2021-11-30 20:15:00,2022,Premier League 2021-2022,14
2,2,Southampton,Leicester,2021-12-01 19:30:00,2022,Premier League 2021-2022,14
2,1,Watford,Chelsea,2021-12-01 19:30:00,2022,Premier League 2021-2022,14
1,1,West Ham,Brighton,2021-12-01 19:30:00,2022,Premier League 2021-2022,14
0,0,Wolves,Burnley,2021-12-01 19:30:00,2022,Premier League 2021-2022,14
2,1,Aston Villa,Man City,2021-12-01 20:15:00,2022,Premier League 2021-2022,14
4,1,Everton,Liverpool,2021-12-01 20:15:00,2022,Premier League 2021-2022,14
0,2,Tottenham,Brentford,2021-12-02 19:30:00,2022,Premier League 2021-2022,14
2,3,Man United,Arsenal,2021-12-02 20:15:00,2022,Premier League 2021-2022,14
2,3,West Ham,Chelsea,2021-12-04 12:30:00,2022,Premier League 2021-2022,14
1,0,Wolves,Liverpool,2021-12-04 15:00:00,2022,Premier League 2021-2022,15
0,1,Newcastle,Burnley,2021-12-04 15:00:00,2022,Premier League 2021-2022,15
1,1,Southampton,Brighton,2021-12-04 15:00:00,2022,Premier League 2021-2022,15
3,1,Watford,Man City,2021-12-04 17:30:00,2022,Premier League 2021-2022,15
2,2,Leeds,Brentford,2021-12-05 14:00:00,2022,Premier League 2021-2022,15
0,1,Man United,Crystal Palace,2021-12-05 14:00:00,2022,Premier League 2021-2022,15
0,3,Tottenham,Norwich,2021-12-05 14:00:00,2022,Premier League 2021-2022,15
1,2,Aston Villa,Leicester,2021-12-05 16:30:00,2022,Premier League 2021-2022,15
1,2,Everton,Arsenal,2021-12-06 20:00:00,2022,Premier League 2021-2022,15
1,2,Brentford,Watford,2021-12-10 20:00:00,2022,Premier League 2021-2022,15
0,1,Man City,Wolves,2021-12-11 12:30:00,2022,Premier League 2021-2022,16
0,1,Liverpool,Aston Villa,2021-12-11 15:00:00,2022,Premier League 2021-2022,16
2,3,Chelsea,Leeds,2021-12-11 15:00:00,2022,Premier League 2021-2022,16
0,3,Arsenal,Southampton,2021-12-11 15:00:00,2022,Premier League 2021-2022,16
1,0,Norwich,Man United,2021-12-11 17:30:00,2022,Premier League 2021-2022,16
0,0,Burnley,West Ham,2021-12-12 14:00:00,2022,Premier League 2021-2022,16
0,4,Leicester,Newcastle,2021-12-12 14:00:00,2022,Premier League 2021-2022,16
1,3,Crystal Palace,Everton,2021-12-12 16:30:00,2022,Premier League 2021-2022,16
2,0,Norwich,Aston Villa,2021-12-14 19:45:00,2022,Premier League 2021-2022,16
0,7,Man City,Leeds,2021-12-14 20:00:00,2022,Premier League 2021-2022,16
1,0,Brighton,Wolves,2021-12-15 19:30:00,2022,Premier League 2021-2022,17
2,2,Crystal Palace,Southampton,2021-12-15 19:30:00,2022,Premier League 2021-2022,17
0,2,Arsenal,West Ham,2021-12-15 20:00:00,2022,Premier League 2021-2022,17
1,1,Chelsea,Everton,2021-12-16 19:45:00,2022,Premier League 2021-2022,17
1,3,Liverpool,Newcastle,2021-12-16 20:00:00,2022,Premier League 2021-2022,17
4,1,Leeds,Arsenal,2021-12-18 17:30:00,2022,Premier League 2021-2022,17
4,0,Newcastle,Man City,2021-12-19 14:00:00,2022,Premier League 2021-2022,17
0,0,Wolves,Chelsea,2021-12-19 14:00:00,2022,Premier League 2021-2022,17
2,2,Tottenham,Liverpool,2021-12-19 16:30:00,2022,Premier League 2021-2022,17
3,6,Man City,Leicester,2021-12-26 15:00:00,2022,Premier League 2021-2022,17
5,0,Norwich,Arsenal,2021-12-26 15:00:00,2022,Premier League 2021-2022,18
0,3,Tottenham,Crystal Palace,2021-12-26 15:00:00,2022,Premier League 2021-2022,18
3,2,West Ham,Southampton,2021-12-26 15:00:00,2022,Premier League 2021-2022,18
3,1,Aston Villa,Chelsea,2021-12-26 17:30:00,2022,Premier League 2021-2022,18
0,2,Brighton,Brentford,2021-12-26 20:00:00,2022,Premier League 2021-2022,18
1,1,Newcastle,Man United,2021-12-27 20:00:00,2022,Premier League 2021-2022,18
0,3,Crystal Palace,Norwich,2021-12-28 15:00:00,2022,Premier League 2021-2022,18
1,1,Southampton,Tottenham,2021-12-28 15:00:00,2022,Premier League 2021-2022,18
4,1,Watford,West Ham,2021-12-28 15:00:00,2022,Premier League 2021-2022,18
0,1,Leicester,Liverpool,2021-12-28 20:00:00,2022,Premier League 2021-2022,18
1,1,Chelsea,Brighton,2021-12-29 19:30:00,2022,Premier League 2021-2022,19
1,0,Brentford,Man City,2021-12-29 20:15:00,2022,Premier League 2021-2022,19
1,3,Man United,Burnley,2021-12-30 20:15:00,2022,Premier League 2021-2022,19
2,1,Arsenal,Man City,2022-01-01 12:30:00,2022,Premier League 2021-2022,19
1,0,Watford,Tottenham,2022-01-01 15:00:00,2022,Premier League 2021-2022,19
3,2,Crystal Palace,West Ham,2022-01-01 17:30:00,2022,Premier League 2021-2022,19
1,3,Leeds,Burnley,2022-01-02 14:00:00,2022,Premier League 2021-2022,19
3,2,Everton,Brighton,2022-01-02 14:00:00,2022,Premier League 2021-2022,19
1,2,Brentford,Aston Villa,2022-01-02 14:00:00,2022,Premier League 2021-2022,19
2,2,Chelsea,Liverpool,2022-01-02 16:30:00,2022,Premier League 2021-2022,19
1,0,Man United,Wolves,2022-01-03 17:30:00,2022,Premier League 2021-2022,20
1,4,Southampton,Brentford,2022-01-11 19:45:00,2022,Premier League 2021-2022,20
0,2,West Ham,Norwich,2022-01-12 19:45:00,2022,Premier League 2021-2022,20
1,1,Brighton,Crystal Palace,2022-01-14 20:00:00,2022,Premier League 2021-2022,20
0,1,Man City,Chelsea,2022-01-15 12:30:00,2022,Premier League 2021-2022,20
1,1,Newcastle,Watford,2022-01-15 15:00:00,2022,Premier League 2021-2022,20
1,2,Norwich,Everton,2022-01-15 15:00:00,2022,Premier League 2021-2022,20
1,3,Wolves,Southampton,2022-01-15 15:00:00,2022,Premier League 2021-2022,20
2,2,Aston Villa,Man United,2022-01-15 17:30:00,2022,Premier League 2021-2022,20
3,2,West Ham,Leeds,2022-01-16 14:00:00,2022,Premier League 2021-2022,20
0,3,Liverpool,Brentford,2022-01-16 14:00:00,2022,Premier League 2021-2022,21
1,1,Brighton,Chelsea,2022-01-18 20:00:00,2022,Premier League 2021-2022,21
3,2,Leicester,Tottenham,2022-01-19 19:30:00,2022,Premier League 2021-2022,21
3,1,Brentford,Man United,2022-01-19 20:00:00,2022,Premier League 2021-2022,21
3,0,Watford,Norwich,2022-01-21 20:00:00,2022,Premier League 2021-2022,21
1,0,Everton,Aston Villa,2022-01-22 12:30:00,2022,Premier League 2021-2022,21
2,1,Brentford,Wolves,2022-01-22 15:00:00,2022,Premier League 2021-2022,21
1,0,Leeds,Newcastle,2022-01-22 15:00:00,2022,Premier League 2021-2022,21
0,1,Man United,West Ham,2022-01-22 15:00:00,2022,Premier League 2021-2022,21
1,1,Southampton,Man City,2022-01-22 17:30:00,2022,Premier League 2021-2022,21
1,1,Leicester,Brighton,2022-01-23 14:00:00,2022,Premier League 2021-2022,22
0,0,Arsenal,Burnley,2022-01-23 14:00:00,2022,Premier League 2021-2022,22
3,1,Crystal Palace,Liverpool,2022-01-23 14:00:00,2022,Premier League 2021-2022,22
0,2,Chelsea,Tottenham,2022-01-23 16:30:00,2022,Premier League 2021-2022,22
0,0,Burnley,Watford,2022-02-05 18:00:00,2022,Premier League 2021-2022,22
1,3,Newcastle,Everton,2022-02-08 19:45:00,2022,Premier League 2021-2022,22
0,1,West Ham,Watford,2022-02-08 19:45:00,2022,Premier League 2021-2022,22
1,1,Burnley,Man United,2022-02-08 20:00:00,2022,Premier League 2021-2022,22
3,2,Tottenham,Southampton,2022-02-09 19:45:00,2022,Premier League 2021-2022,22
0,2,Man City,Brentford,2022-02-09 19:45:00,2022,Premier League 2021-2022,22
1,1,Norwich,Crystal Palace,2022-02-09 19:45:00,2022,Premier League 2021-2022,23
3,3,Aston Villa,Leeds,2022-02-09 20:00:00,2022,Premier League 2021-2022,23
1,0,Wolves,Arsenal,2022-02-10 19:45:00,2022,Premier League 2021-2022,23
0,2,Liverpool,Leicester,2022-02-10 19:45:00,2022,Premier League 2021-2022,23
1,1,Man United,Southampton,2022-02-12 12:30:00,2022,Premier League 2021-2022,23
0,0,Brentford,Crystal Palace,2022-02-12 15:00:00,2022,Premier League 2021-2022,23
0,3,Everton,Leeds,2022-02-12 15:00:00,2022,Premier League 2021-2022,23
2,0,Watford,Brighton,2022-02-12 15:00:00,2022,Premier League 2021-2022,23
4,0,Norwich,Man City,2022-02-12 17:30:00,2022,Premier League 2021-2022,23
0,1,Newcastle,Aston Villa,2022-02-13 14:00:00,2022,Premier League 2021-2022,23
2,0,Tottenham,Wolves,2022-02-13 14:00:00,2022,Premier League 2021-2022,24
1,0,Burnley,Liverpool,2022-02-13 14:00:00,2022,Premier League 2021-2022,24
2,2,Leicester,West Ham,2022-02-13 16:30:00,2022,Premier League 2021-2022,24
0,2,Man United,Brighton,2022-02-15 20:15:00,2022,Premier League 2021-2022,24
1,1,West Ham,Newcastle,2022-02-19 12:30:00,2022,Premier League 2021-2022,24
1,3,Liverpool,Norwich,2022-02-19 15:00:00,2022,Premier League 2021-2022,24
0,2,Southampton,Everton,2022-02-19 15:00:00,2022,Premier League 2021-2022,24
1,0,Crystal Palace,Chelsea,2022-02-19 15:00:00,2022,Premier League 2021-2022,24
1,2,Arsenal,Brentford,2022-02-19 15:00:00,2022,Premier League 2021-2022,24
1,0,Aston Villa,Watford,2022-02-19 15:00:00,2022,Premier League 2021-2022,24
3,0,Brighton,Burnley,2022-02-19 15:00:00,2022,Premier League 2021-2022,25
3,2,Man City,Tottenham,2022-02-19 17:30:00,2022,Premier League 2021-2022,25
4,2,Leeds,Man United,2022-02-20 14:00:00,2022,Premier League 2021-2022,25
1,2,Wolves,Leicester,2022-02-20 16:30:00,2022,Premier League 2021-2022,25
0,1,Burnley,Tottenham,2022-02-23 19:30:00,2022,Premier League 2021-2022,25
4,1,Watford,Crystal Palace,2022-02-23 19:30:00,2022,Premier League 2021-2022,25
0,6,Liverpool,Leeds,2022-02-23 19:45:00,2022,Premier League 2021-2022,25
1,2,Arsenal,Wolves,2022-02-24 19:45:00,2022,Premier League 2021-2022,25
0,2,Southampton,Norwich,2022-02-25 20:00:00,2022,Premier League 2021-2022,25
4,0,Leeds,Tottenham,2022-02-26 12:30:00,2022,Premier League 2021-2022,25
1,1,Crystal Palace,Burnley,2022-02-26 15:00:00,2022,Premier League 2021-2022,26
0,0,Man United,Watford,2022-02-26 15:00:00,2022,Premier League 2021-2022,26
2,0,Brentford,Newcastle,2022-02-26 15:00:00,2022,Premier League 2021-2022,26
2,0,Brighton,Aston Villa,2022-02-26 15:30:00,2022,Premier League 2021-2022,26
1,0,Everton,Man City,2022-02-26 17:30:00,2022,Premier League 2021-2022,26
0,1,West Ham,Wolves,2022-02-27 14:00:00,2022,Premier League 2021-2022,26
2,0,Burnley,Leicester,2022-03-01 19:45:00,2022,Premier League 2021-2022,26
0,1,Leicester,Leeds,2022-03-05 12:30:00,2022,Premier League 2021-2022,26
2,0,Wolves,Crystal Palace,2022-03-05 15:00:00,2022,Premier League 2021-2022,26
3,1,Norwich,Brentford,2022-03-05 15:00:00,2022,Premier League 2021-2022,26
4,0,Burnley,Chelsea,2022-03-05 15:00:00,2022,Premier League 2021-2022,27
0,4,Aston Villa,Southampton,2022-03-05 15:00:00,2022,Premier League 2021-2022,27
1,2,Newcastle,Brighton,2022-03-05 15:00:00,2022,Premier League 2021-2022,27
0,1,Liverpool,West Ham,2022-03-05 17:30:00,2022,Premier League 2021-2022,27
3,2,Watford,Arsenal,2022-03-06 14:00:00,2022,Premier League 2021-2022,27
1,4,Man City,Man United,2022-03-06 16:30:00,2022,Premier League 2021-2022,27
0,5,Tottenham,Everton,2022-03-07 20:00:00,2022,Premier League 2021-2022,27
3,1,Norwich,Chelsea,2022-03-10 19:30:00,2022,Premier League 2021-2022,27
2,1,Southampton,Newcastle,2022-03-10 19:30:00,2022,Premier League 2021-2022,27
0,4,Wolves,Watford,2022-03-10 19:30:00,2022,Premier League 2021-2022,27
3,0,Leeds,Aston Villa,2022-03-10 19:45:00,2022,Premier League 2021-2022,28
2,0,Brighton,Liverpool,2022-03-12 12:30:00,2022,Premier League 2021-2022,28
0,2,Brentford,Burnley,2022-03-12 15:00:00,2022,Premier League 2021-2022,28
2,3,Man United,Tottenham,2022-03-12 17:30:00,2022,Premier League 2021-2022,28
0,1,Chelsea,Newcastle,2022-03-13 14:00:00,2022,Premier League 2021-2022,28
1,0,Everton,Wolves,2022-03-13 14:00:00,2022,Premier League 2021-2022,28
1,2,Leeds,Norwich,2022-03-13 14:00:00,2022,Premier League 2021-2022,28
2,1,Southampton,Watford,2022-03-13 14:00:00,2022,Premier League 2021-2022,28
1,2,West Ham,Aston Villa,2022-03-13 14:00:00,2022,Premier League 2021-2022,28
0,2,Arsenal,Leicester,2022-03-13 16:30:00,2022,Premier League 2021-2022,28
0,0,Crystal Palace,Man City,2022-03-14 20:00:00,2022,Premier League 2021-2022,29
2,0,Brighton,Tottenham,2022-03-16 19:30:00,2022,Premier League 2021-2022,29
2,0,Arsenal,Liverpool,2022-03-16 20:15:00,2022,Premier League 2021-2022,29
0,1,Everton,Newcastle,2022-03-17 19:45:00,2022,Premier League 2021-2022,29
3,2,Wolves,Leeds,2022-03-18 20:00:00,2022,Premier League 2021-2022,29
1,0,Aston Villa,Arsenal,2022-03-19 12:30:00,2022,Premier League 2021-2022,29
1,2,Leicester,Brentford,2022-03-20 14:00:00,2022,Premier League 2021-2022,29
1,3,Tottenham,West Ham,2022-03-20 16:30:00,2022,Premier League 2021-2022,29
0,2,Liverpool,Watford,2022-04-02 12:30:00,2022,Premier League 2021-2022,29
0,0,Brighton,Norwich,2022-04-02 15:00:00,2022,Premier League 2021-2022,29
2,0,Burnley,Man City,2022-04-02 15:00:00,2022,Premier League 2021-2022,30
4,1,Chelsea,Brentford,2022-04-02 15:00:00,2022,Premier League 2021-2022,30
1,1,Leeds,Southampton,2022-04-02 15:00:00,2022,Premier League 2021-2022,30
1,2,Wolves,Aston Villa,2022-04-02 15:00:00,2022,Premier League 2021-2022,30
1,1,Man United,Leicester,2022-04-02 17:30:00,2022,Premier League 2021-2022,30
1,2,West Ham,Everton,2022-04-03 14:00:00,2022,Premier League 2021-2022,30
1,5,Tottenham,Newcastle,2022-04-03 16:30:00,2022,Premier League 2021-2022,30
0,3,Crystal Palace,Arsenal,2022-04-04 20:00:00,2022,Premier League 2021-2022,30
2,3,Burnley,Everton,2022-04-06 19:30:00,2022,Premier League 2021-2022,30
0,1,Newcastle,Wolves,2022-04-08 20:00:00,2022,Premier League 2021-2022,30
0,1,Everton,Man United,2022-04-09 12:30:00,2022,Premier League 2021-2022,31
2,1,Arsenal,Brighton,2022-04-09 15:00:00,2022,Premier League 2021-2022,31
6,0,Southampton,Chelsea,2022-04-09 15:00:00,2022,Premier League 2021-2022,31
3,0,Watford,Leeds,2022-04-09 15:00:00,2022,Premier League 2021-2022,31
4,0,Aston Villa,Tottenham,2022-04-09 17:30:00,2022,Premier League 2021-2022,31
0,2,Norwich,Burnley,2022-04-10 14:00:00,2022,Premier League 2021-2022,31
0,2,Brentford,West Ham,2022-04-10 14:00:00,2022,Premier League 2021-2022,31
1,2,Leicester,Crystal Palace,2022-04-10 14:00:00,2022,Premier League 2021-2022,31
2,2,Man City,Liverpool,2022-04-10 16:30:00,2022,Premier League 2021-2022,31
1,0,Tottenham,Brighton,2022-04-16 12:30:00,2022,Premier League 2021-2022,31
2,3,Man United,Norwich,2022-04-16 15:00:00,2022,Premier League 2021-2022,32
0,1,Southampton,Arsenal,2022-04-16 15:00:00,2022,Premier League 2021-2022,32
2,1,Watford,Brentford,2022-04-16 15:00:00,2022,Premier League 2021-2022,32
1,2,Newcastle,Leicester,2022-04-17 14:15:00,2022,Premier League 2021-2022,32
1,1,West Ham,Burnley,2022-04-17 14:15:00,2022,Premier League 2021-2022,32
0,4,Liverpool,Man United,2022-04-19 20:00:00,2022,Premier League 2021-2022,32
0,1,Newcastle,Crystal Palace,2022-04-20 19:45:00,2022,Premier League 2021-2022,32
4,2,Chelsea,Arsenal,2022-04-20 19:45:00,2022,Premier League 2021-2022,32
1,1,Everton,Leicester,2022-04-20 19:45:00,2022,Premier League 2021-2022,32
0,3,Man City,Brighton,2022-04-20 20:00:00,2022,Premier League 2021-2022,32
0,2,Burnley,Southampton,2022-04-21 19:45:00,2022,Premier League 2021-2022,33
1,3,Arsenal,Man United,2022-04-23 12:30:00,2022,Premier League 2021-2022,33
1,5,Man City,Watford,2022-04-23 15:00:00,2022,Premier League 2021-2022,33
0,0,Leicester,Aston Villa,2022-04-23 15:00:00,2022,Premier League 2021-2022,33
3,0,Norwich,Newcastle,2022-04-23 15:00:00,2022,Premier League 2021-2022,33
0,0,Brentford,Tottenham,2022-04-23 17:30:00,2022,Premier League 2021-2022,33
0,1,Burnley,Wolves,2022-04-24 14:00:00,2022,Premier League 2021-2022,33
0,1,Chelsea,West Ham,2022-04-24 14:00:00,2022,Premier League 2021-2022,33
2,2,Brighton,Southampton,2022-04-24 14:00:00,2022,Premier League 2021-2022,33
0,2,Liverpool,Everton,2022-04-24 16:30:00,2022,Premier League 2021-2022,33
0,0,Crystal Palace,Leeds,2022-04-25 20:00:00,2022,Premier League 2021-2022,34
1,1,Man United,Chelsea,2022-04-28 19:45:00,2022,Premier League 2021-2022,34
1,0,Newcastle,Liverpool,2022-04-30 12:30:00,2022,Premier League 2021-2022,34
0,2,Aston Villa,Norwich,2022-04-30 15:00:00,2022,Premier League 2021-2022,34
2,1,Southampton,Crystal Palace,2022-04-30 15:00:00,2022,Premier League 2021-2022,34
2,1,Watford,Burnley,2022-04-30 15:00:00,2022,Premier League 2021-2022,34
3,0,Wolves,Brighton,2022-04-30 15:00:00,2022,Premier League 2021-2022,34
4,0,Leeds,Man City,2022-04-30 17:30:00,2022,Premier League 2021-2022,34
1,3,Tottenham,Leicester,2022-05-01 14:00:00,2022,Premier League 2021-2022,34
0,1,Everton,Chelsea,2022-05-01 14:00:00,2022,Premier League 2021-2022,34
2,1,West Ham,Arsenal,2022-05-01 16:30:00,2022,Premier League 2021-2022,35
0,3,Man United,Brentford,2022-05-02 20:00:00,2022,Premier League 2021-2022,35
0,3,Brentford,Southampton,2022-05-07 15:00:00,2022,Premier League 2021-2022,35
3,1,Burnley,Aston Villa,2022-05-07 15:00:00,2022,Premier League 2021-2022,35
2,2,Chelsea,Wolves,2022-05-07 15:00:00,2022,Premier League 2021-2022,35
0,1,Crystal Palace,Watford,2022-05-07 15:00:00,2022,Premier League 2021-2022,35
0,4,Brighton,Man United,2022-05-07 17:30:00,2022,Premier League 2021-2022,35
1,1,Liverpool,Tottenham,2022-05-07 19:45:00,2022,Premier League 2021-2022,35
4,0,Norwich,West Ham,2022-05-08 14:00:00,2022,Premier League 2021-2022,35
2,1,Leicester,Everton,2022-05-08 14:00:00,2022,Premier League 2021-2022,35
1,2,Arsenal,Leeds,2022-05-08 14:00:00,2022,Premier League 2021-2022,36
0,5,Man City,Newcastle,2022-05-08 16:30:00,2022,Premier League 2021-2022,36
2,1,Aston Villa,Liverpool,2022-05-10 20:00:00,2022,Premier League 2021-2022,36
3,0,Leeds,Chelsea,2022-05-11 19:30:00,2022,Premier League 2021-2022,36
0,3,Leicester,Norwich,2022-05-11 19:45:00,2022,Premier League 2021-2022,36
0,0,Watford,Everton,2022-05-11 19:45:00,2022,Premier League 2021-2022,36
5,1,Wolves,Man City,2022-05-11 20:15:00,2022,Premier League 2021-2022,36
0,3,Tottenham,Arsenal,2022-05-12 19:45:00,2022,Premier League 2021-2022,36
0,1,Tottenham,Burnley,2022-05-15 12:00:00,2022,Premier League 2021-2022,36
1,1,Wolves,Norwich,2022-05-15 14:00:00,2022,Premier League 2021-2022,36
2,2,West Ham,Man City,2022-05-15 14:00:00,2022,Premier League 2021-2022,37
1,1,Leeds,Brighton,2022-05-15 14:00:00,2022,Premier League 2021-2022,37
1,1,Aston Villa,Crystal Palace,2022-05-15 14:00:00,2022,Premier League 2021-2022,37
5,1,Watford,Leicester,2022-05-15 14:00:00,2022,Premier League 2021-2022,37
3,2,Everton,Brentford,2022-05-15 16:30:00,2022,Premier League 2021-2022,37
0,2,Newcastle,Arsenal,2022-05-16 20:00:00,2022,Premier League 2021-2022,37
2,1,Southampton,Liverpool,2022-05-17 19:45:00,2022,Premier League 2021-2022,37
2,3,Everton,Crystal Palace,2022-05-19 19:45:00,2022,Premier League 2021-2022,37
1,1,Chelsea,Leicester,2022-05-19 20:00:00,2022,Premier League 2021-2022,37
1,1,Aston Villa,Burnley,2022-05-19 20:00:00,2022,Premier League 2021-2022,37
1,4,Leicester,Southampton,2022-05-22 16:00:00,2022,Premier League 2021-2022,38
0,1,Crystal Palace,Man United,2022-05-22 16:00:00,2022,Premier League 2021-2022,38
1,3,Liverpool,Wolves,2022-05-22 16:00:00,2022,Premier League 2021-2022,38
1,2,Chelsea,Watford,2022-05-22 16:00:00,2022,Premier League 2021-2022,38
2,3,Man City,Aston Villa,2022-05-22 16:00:00,2022,Premier League 2021-2022,38
1,3,Brighton,West Ham,2022-05-22 16:00:00,2022,Premier League 2021-2022,38
2,1,Brentford,Leeds,2022-05-22 16:00:00,2022,Premier League 2021-2022,38
1,5,Arsenal,Everton,2022-05-22 16:00:00,2022,Premier League 2021-2022,38
2,1,Burnley,Newcastle,2022-05-22 16:00:00,2022,Premier League 2021-2022,38
5,0,Norwich,Tottenham,2022-05-22 16:00:00,2022,Premier League 2021-2022,38
